{"train_loss": [1.1069395086344551, 0.9696452757891487, 0.9458391596289242, 0.8686420251341427, 0.8271547135184792, 0.8245741935337291, 0.8202538560418522, 0.812731897129732, 0.8080340693978703, 0.8632817548864028, 0.7619356477961821, 0.7787513908217935, 0.7591440256904153, 0.7416178373729482, 0.7569048790370717, 0.797743955079247, 0.7428814628544975, 0.7329400111647213, 0.7325014717438642, 0.7288120774661794, 0.7511014482554268, 0.6955690716995913, 0.713622370186974, 0.7149500215754789, 0.7158091839622048, 0.6650553661234239, 0.696024998145945, 0.704222254893359, 0.6673482025370878, 0.626005141174092, 0.5825854399624992, 0.5877852562595817, 0.5692872703075409, 0.5468684399829191, 0.5406890529043534, 0.5149867604760563, 0.5128777728361242, 0.5480712599614087, 0.5222854929811814, 0.5116667642312891, 0.5081327838056228, 0.503944886081359, 0.4774199583951165, 0.46489474177360535, 0.48615855855100293, 0.4413636554689968, 0.45291869780596566, 0.4774337673888487, 0.46013908526476693, 0.4350038644145517, 0.42139746161068187, 0.39433620607151704, 0.3950778736787684, 0.4302467274315217, 0.3849337048390332, 0.3824927719200359, 0.4028037129079594, 0.3889525234699249, 0.351955853840884, 0.3649716210715911, 0.38135994620182934, 0.31553973608157215, 0.3799318005056942, 0.34301309287548065, 0.3296765430885203, 0.338706828215543, 0.35020124473992514, 0.28307949094211354, 0.32134924653698416, 0.3285461944692275, 0.3112776231239824, 0.33500825043986826, 0.3357717762975132, 0.3040576235336416, 0.2931539994828841, 0.27006110636626973, 0.3370758856044096, 0.3235620751100428, 0.31514714745914235, 0.2976110744125703, 0.33428699304075804, 0.27711495187352686, 0.2813676323960809, 0.316754747839535, 0.3131039651001201, 0.2572682789143394, 0.30389464515097003, 0.2953824611271129, 0.2584659045233446, 0.3337371480815551, 0.2800595804172404, 0.29279547666802125, 0.2654974416774862, 0.3092155158519745, 0.2707484978086808, 0.25461391491048474, 0.29906416903523836, 0.2760325039134306, 0.2942180427558282, 0.2679736710646573], "test_loss": [1.4350948333740234, 1.0190269470214843, 1.3266608238220214, 0.7346163749694824, 1.4599645018577576, 0.7476391911506652, 1.0599812626838685, 0.7248511135578155, 2.099285364151001, 0.6926168978214264, 0.668502938747406, 1.1001286566257478, 0.7607917547225952, 1.1851232528686524, 0.8765351295471191, 0.7105630934238434, 0.7737308353185653, 0.7264306783676148, 0.669548749923706, 0.8530712842941284, 0.8639235883951187, 1.3652287483215333, 0.6836558789014816, 0.756589674949646, 0.7431389689445496, 1.0525469660758973, 1.0740518540143966, 0.8151912093162537, 0.7070095539093018, 1.6299198806285857, 0.7877467989921569, 0.6639878198504447, 0.65351023375988, 0.6540854692459106, 0.7070503063499928, 0.7175697058439254, 0.6945584207773209, 0.7761269479990005, 0.7033401980996132, 0.7156918480992317, 0.72730902582407, 0.8355002135038376, 0.8350731536746026, 0.7533584520220756, 1.0365515239536762, 0.7957763552665711, 0.7343654602766037, 0.7559687443077564, 0.8713054083287716, 1.6904393911361695, 1.1339375376701355, 1.222816637158394, 0.832231817394495, 1.2443614348769187, 0.8880690589547158, 0.8532327324151993, 1.1599967360496521, 0.8531161267310381, 1.5868983298540116, 1.0447551019489765, 1.0939925819635392, 1.8972369015216828, 1.3385966449975968, 1.166011031717062, 0.9644084654748439, 1.3297796905040742, 1.1171383365988732, 0.9612889435142279, 0.9187731049954891, 0.9287982190027833, 1.0623041681945324, 1.2947642266750337, 1.034304752200842, 0.9955742161720991, 0.9366395613178611, 0.9297009252011776, 0.9962817758321763, 0.9530539648607373, 0.9962966062128544, 0.982720174640417, 0.9490732779726386, 0.9753054613247514, 0.9585620798170567, 0.9847114447504282, 1.0453974656760692, 1.1823413044214248, 1.0480826757848263, 1.0498517779633403, 1.1056392017751933, 1.03596159145236, 1.187391572073102, 0.9565036473795772, 1.3204987153410912, 2.4742119550704955, 1.238181384652853, 0.9817190885543823, 1.152443765103817, 1.0850594971328973, 1.0698808601126075, 1.795917010307312], "test_acc": [0.22727272727272727, 0.553030303030303, 0.5151515151515151, 0.6590909090909091, 0.5757575757575758, 0.5909090909090909, 0.5378787878787878, 0.6136363636363636, 0.48484848484848486, 0.6590909090909091, 0.6666666666666666, 0.4621212121212121, 0.6363636363636364, 0.4772727272727273, 0.5681818181818182, 0.6439393939393939, 0.5833333333333334, 0.6060606060606061, 0.6818181818181818, 0.553030303030303, 0.5833333333333334, 0.3787878787878788, 0.6742424242424242, 0.6363636363636364, 0.5833333333333334, 0.5227272727272727, 0.5757575757575758, 0.6515151515151515, 0.6363636363636364, 0.4621212121212121, 0.6060606060606061, 0.6818181818181818, 0.6666666666666666, 0.6590909090909091, 0.6439393939393939, 0.6742424242424242, 0.6742424242424242, 0.6439393939393939, 0.6515151515151515, 0.6515151515151515, 0.6515151515151515, 0.6212121212121212, 0.6136363636363636, 0.6363636363636364, 0.5075757575757576, 0.6212121212121212, 0.6590909090909091, 0.6439393939393939, 0.6060606060606061, 0.4772727272727273, 0.5378787878787878, 0.5, 0.6136363636363636, 0.5303030303030303, 0.6439393939393939, 0.5984848484848485, 0.5606060606060606, 0.6212121212121212, 0.49242424242424243, 0.5681818181818182, 0.5681818181818182, 0.48484848484848486, 0.5227272727272727, 0.5606060606060606, 0.5984848484848485, 0.5303030303030303, 0.5681818181818182, 0.5909090909090909, 0.5984848484848485, 0.5984848484848485, 0.5833333333333334, 0.5454545454545454, 0.5606060606060606, 0.5681818181818182, 0.5909090909090909, 0.6136363636363636, 0.5909090909090909, 0.5984848484848485, 0.5984848484848485, 0.5909090909090909, 0.5909090909090909, 0.5833333333333334, 0.5681818181818182, 0.5833333333333334, 0.5681818181818182, 0.5984848484848485, 0.5681818181818182, 0.5681818181818182, 0.5454545454545454, 0.5606060606060606, 0.5606060606060606, 0.6060606060606061, 0.5833333333333334, 0.44696969696969696, 0.5757575757575758, 0.5757575757575758, 0.5757575757575758, 0.5606060606060606, 0.5681818181818182, 0.4772727272727273],