{"train_loss": [1.069320997771095, 1.0383946299552917, 0.9913343050900627, 0.9717580009909237, 0.9589531842400046, 0.9300994452308206, 0.9176766276359558, 0.9291775191531462, 0.8693434455815483, 0.9205594623790068, 0.9110146725878996, 0.8756479200194863, 0.8646081195158117, 0.8903010101879344, 0.8487557803883272, 0.8189747473772835, 0.8328953665845534, 0.8255436630810008, 0.8780917314922109, 0.8174575707491707, 0.7737505751497605, 0.7838773797540104, 0.8000362760880414, 0.8034883947933421, 0.798672732184915, 0.7887749110951143, 0.7805122803239262, 0.7589371344622444, 0.8041534178397235, 0.8084012234912199, 0.740895103005802, 0.6938756108283997, 0.6617487037883085, 0.6501640449551975, 0.6354820588055778, 0.6498027040677912, 0.6273051272420322, 0.6126940636073842, 0.6199009488610661, 0.6245368315893061, 0.6321995310923633, 0.6146191411158618, 0.6233822212499731, 0.6161947180243099, 0.6041765177951139, 0.590969418778139, 0.5936725700602812, 0.5790640869561363, 0.5241502137745128, 0.5217881185166976, 0.5389930763665367, 0.5272608364329618, 0.539519983179429, 0.5264023279442507, 0.5015942577053519, 0.5067192596547744, 0.5074850794147042, 0.48957786314627705, 0.4847929775714874, 0.4350636163178612, 0.45167821470428915, 0.4444638297838323, 0.47082578259355884, 0.4301433861255646, 0.4276024050572339, 0.3915103025296155, 0.392460014890222, 0.4123040648067699, 0.4144477616338169, 0.4697727560997009, 0.4016464238657671, 0.3881528430125293, 0.378789946436882, 0.4023471211685854, 0.37595441762138815, 0.3476758695700589, 0.38368983917376576, 0.3911617380731246, 0.39764466969405904, 0.357719559879864, 0.44211909876150246, 0.4021569630678962, 0.33100180240238414, 0.39897671692511616, 0.3472793829791686, 0.36989100978654976, 0.3567825389259002, 0.398611934746013, 0.3949171252110425, 0.35565866179326, 0.4198198800577837, 0.41542630949441123, 0.3422873072764453, 0.3439224765581243, 0.36134612560272217, 0.33126359038493214, 0.348337565713069, 0.39786776549675884, 0.31756746944259195, 0.36360281705856323], "test_loss": [1.0672998785972596, 1.0784282445907594, 0.9981348872184753, 3.1871039390563967, 1.5166216611862182, 0.987400209903717, 1.8787278413772583, 1.1546819448471068, 2.1544474601745605, 1.2016400814056396, 1.073080563545227, 2.845680522918701, 1.1780511856079101, 0.9746874690055847, 2.7506027221679688, 0.9366031289100647, 2.4337067127227785, 1.4181420803070068, 0.9749558329582214, 3.0872257709503175, 1.1641417145729065, 1.2423083066940308, 1.2901542067527771, 0.8825173020362854, 1.8541718006134034, 1.0218093872070313, 1.740091586112976, 2.1916377544403076, 1.0253607988357545, 1.39976646900177, 0.9683218955993652, 0.9555438876152038, 0.9616443157196045, 0.978345799446106, 0.9929687023162842, 0.986884880065918, 1.0039502382278442, 1.0247346758842468, 1.0403264999389648, 1.0365841507911682, 1.0341844797134399, 1.0112149953842162, 1.0377270817756652, 1.052337896823883, 1.0838106155395508, 1.0807427763938904, 1.1246893167495728, 1.16380113363266, 1.1580520033836366, 1.184762167930603, 1.2426018476486207, 1.1878461480140685, 1.202769649028778, 1.2265385389328003, 1.3010236382484437, 1.2618902921676636, 1.402721345424652, 1.3134884357452392, 1.2868812441825868, 1.284427571296692, 1.3020750284194946, 1.3218183279037476, 1.3473287105560303, 1.3370306491851807, 1.3411168098449706, 1.3312262654304505, 1.348178505897522, 1.358664345741272, 1.3848016381263732, 1.3987214326858521, 1.368853998184204, 1.3753432512283326, 1.38828763961792, 1.390337300300598, 1.389830470085144, 1.3898526072502135, 1.3895843863487243, 1.4109553813934326, 1.3964178800582885, 1.4300044059753418, 1.42717707157135, 1.43266761302948, 1.4512263536453247, 1.4591130495071412, 1.4393421292304993, 1.4229652285575867, 1.4227568984031678, 1.4670120000839233, 1.4739579200744628, 1.4535013675689696, 1.4840535163879394, 1.486000657081604, 1.4658442497253419, 1.449604868888855, 1.4688427329063416, 1.4671415090560913, 1.4356064200401306, 1.4758037805557251, 1.45842604637146, 1.4740508198738098], "test_acc": [0.4961832061068702, 0.5114503816793893, 0.5267175572519084, 0.22137404580152673, 0.35877862595419846, 0.5343511450381679, 0.22137404580152673, 0.4122137404580153, 0.2366412213740458, 0.4961832061068702, 0.5038167938931297, 0.2366412213740458, 0.4732824427480916, 0.5343511450381679, 0.22137404580152673, 0.5343511450381679, 0.22900763358778625, 0.45038167938931295, 0.5725190839694656, 0.22900763358778625, 0.45038167938931295, 0.5190839694656488, 0.42748091603053434, 0.5801526717557252, 0.3435114503816794, 0.5419847328244275, 0.4122137404580153, 0.31297709923664124, 0.5343511450381679, 0.45038167938931295, 0.5648854961832062, 0.5877862595419847, 0.5801526717557252, 0.5801526717557252, 0.6030534351145038, 0.5877862595419847, 0.6030534351145038, 0.6030534351145038, 0.6106870229007634, 0.6183206106870229, 0.5801526717557252, 0.5801526717557252, 0.6030534351145038, 0.5801526717557252, 0.6030534351145038, 0.5954198473282443, 0.5648854961832062, 0.5954198473282443, 0.5877862595419847, 0.6106870229007634, 0.5877862595419847, 0.6030534351145038, 0.6030534351145038, 0.6030534351145038, 0.5801526717557252, 0.5725190839694656, 0.5801526717557252, 0.5725190839694656, 0.6030534351145038, 0.5954198473282443, 0.6183206106870229, 0.6183206106870229, 0.6106870229007634, 0.6030534351145038, 0.6106870229007634, 0.6030534351145038, 0.5954198473282443, 0.6030534351145038, 0.5954198473282443, 0.6183206106870229, 0.5954198473282443, 0.5954198473282443, 0.6030534351145038, 0.5954198473282443, 0.5954198473282443, 0.6030534351145038, 0.6106870229007634, 0.6106870229007634, 0.6030534351145038, 0.6106870229007634, 0.6259541984732825, 0.6106870229007634, 0.5954198473282443, 0.6183206106870229, 0.6183206106870229, 0.6183206106870229, 0.6106870229007634, 0.6106870229007634, 0.6030534351145038, 0.5954198473282443, 0.6030534351145038, 0.5877862595419847, 0.6106870229007634, 0.6106870229007634, 0.6106870229007634, 0.6030534351145038, 0.6183206106870229, 0.6106870229007634, 0.6183206106870229, 0.5877862595419847],